[{
  "first_name": "Norris",
  "last_name": "Collough",
  "SBU": "Mickey's The Prince and the Pauper",
  "gender": "Male"
}, {
  "first_name": "Xever",
  "last_name": "Castiblanco",
  "SBU": "Coyote Ugly",
  "gender": "Male"
}, {
  "first_name": "Wendall",
  "last_name": "Shinfield",
  "SBU": "Far and Away",
  "gender": "Male"
}, {
  "first_name": "Somerset",
  "last_name": "Heel",
  "SBU": "American Pie Presents: Band Camp (American Pie 4: Band Camp)",
  "gender": "Male"
}, {
  "first_name": "Horst",
  "last_name": "Boylan",
  "SBU": "Fitzcarraldo",
  "gender": "Male"
}, {
  "first_name": "Arlette",
  "last_name": "Roomes",
  "SBU": "Teenage Paparazzo",
  "gender": "Female"
}, {
  "first_name": "Meier",
  "last_name": "Fellon",
  "SBU": "Cave, The",
  "gender": "Male"
}, {
  "first_name": "Niel",
  "last_name": "Espinho",
  "SBU": "Robin Williams: Weapons of Self Destruction",
  "gender": "Male"
}, {
  "first_name": "Merlina",
  "last_name": "MacNab",
  "SBU": "Unsuspected, The",
  "gender": "Female"
}, {
  "first_name": "Keelia",
  "last_name": "O' Hogan",
  "SBU": "Nature of Existence, The",
  "gender": "Female"
}, {
  "first_name": "Bobbie",
  "last_name": "Sims",
  "SBU": "Yoo-Hoo, Mrs. Goldberg",
  "gender": "Male"
}, {
  "first_name": "Fancy",
  "last_name": "Quenell",
  "SBU": "Tumbledown",
  "gender": "Female"
}, {
  "first_name": "Kippar",
  "last_name": "Genese",
  "SBU": "My Sex Life... or How I Got Into an Argument (Comment je me suis disputé... (ma vie sexuelle))",
  "gender": "Male"
}, {
  "first_name": "Sher",
  "last_name": "Langabeer",
  "SBU": "Monsieur Verdoux",
  "gender": "Female"
}, {
  "first_name": "Wendel",
  "last_name": "Henrys",
  "SBU": "Trash",
  "gender": "Male"
}, {
  "first_name": "Esdras",
  "last_name": "Jeanel",
  "SBU": "Bachelor Mother",
  "gender": "Male"
}, {
  "first_name": "Quentin",
  "last_name": "Sheards",
  "SBU": "Sitting Bull",
  "gender": "Male"
}, {
  "first_name": "Saundra",
  "last_name": "Calderon",
  "SBU": "How to Die in Oregon",
  "gender": "Female"
}, {
  "first_name": "Sorcha",
  "last_name": "Sobieski",
  "SBU": "Eleventh Year, The (Odinnadtsatyy) ",
  "gender": "Female"
}, {
  "first_name": "Joe",
  "last_name": "Abramamovh",
  "SBU": "Jackass Number Two",
  "gender": "Male"
}, {
  "first_name": "Bronny",
  "last_name": "Topling",
  "SBU": "When Ladies Meet",
  "gender": "Male"
}, {
  "first_name": "Carry",
  "last_name": "Haddon",
  "SBU": "Broadway Bill",
  "gender": "Female"
}, {
  "first_name": "Reynold",
  "last_name": "Garnsey",
  "SBU": "Million Dollar Legs",
  "gender": "Male"
}, {
  "first_name": "Faber",
  "last_name": "Godlee",
  "SBU": "Other Side of Bollywood, The",
  "gender": "Male"
}, {
  "first_name": "Felic",
  "last_name": "Breewood",
  "SBU": "Noises Off...",
  "gender": "Male"
}, {
  "first_name": "Celestina",
  "last_name": "Boylund",
  "SBU": "8 1/2 (8½)",
  "gender": "Female"
}, {
  "first_name": "Jakob",
  "last_name": "Dutch",
  "SBU": "Royal Flash",
  "gender": "Male"
}, {
  "first_name": "Denis",
  "last_name": "Kosiada",
  "SBU": "Sunrise: A Song of Two Humans",
  "gender": "Male"
}, {
  "first_name": "Ruggiero",
  "last_name": "Bothe",
  "SBU": "Woman on the Beach (Haebyeonui yeoin)",
  "gender": "Male"
}, {
  "first_name": "Jemie",
  "last_name": "Rudgley",
  "SBU": "Thrive",
  "gender": "Female"
}, {
  "first_name": "Herby",
  "last_name": "Vasic",
  "SBU": "Bachelor and the Bobby-Soxer, The",
  "gender": "Male"
}, {
  "first_name": "Manya",
  "last_name": "Scowen",
  "SBU": "Bolero",
  "gender": "Female"
}, {
  "first_name": "Randee",
  "last_name": "Douse",
  "SBU": "Just a Gigolo",
  "gender": "Female"
}, {
  "first_name": "Diarmid",
  "last_name": "Harber",
  "SBU": "Garbo the Spy (Garbo: El espía)",
  "gender": "Male"
}, {
  "first_name": "Stefan",
  "last_name": "Whitter",
  "SBU": "Wee Willie Winkie",
  "gender": "Male"
}, {
  "first_name": "Tabitha",
  "last_name": "Weed",
  "SBU": "Steel",
  "gender": "Female"
}, {
  "first_name": "Elmo",
  "last_name": "McMoyer",
  "SBU": "Force of Evil",
  "gender": "Male"
}, {
  "first_name": "Kira",
  "last_name": "Marchington",
  "SBU": "Kummelin jackpot",
  "gender": "Female"
}, {
  "first_name": "Marion",
  "last_name": "Skalls",
  "SBU": "Jurassic Park III",
  "gender": "Male"
}, {
  "first_name": "Evan",
  "last_name": "Capelle",
  "SBU": "Tall in the Saddle",
  "gender": "Male"
}, {
  "first_name": "Kim",
  "last_name": "Critzen",
  "SBU": "Boom!",
  "gender": "Male"
}, {
  "first_name": "Abraham",
  "last_name": "Scutchin",
  "SBU": "Curiosity of Chance, The",
  "gender": "Male"
}, {
  "first_name": "Farlee",
  "last_name": "Godmar",
  "SBU": "Loose Change 9/11: An American Coup",
  "gender": "Male"
}, {
  "first_name": "Hector",
  "last_name": "Watling",
  "SBU": "Lemon Tree",
  "gender": "Male"
}, {
  "first_name": "Eva",
  "last_name": "Hesse",
  "SBU": "Evita",
  "gender": "Female"
}, {
  "first_name": "Salmon",
  "last_name": "Godfroy",
  "SBU": "Ornamental Hairpin (Kanzashi)",
  "gender": "Male"
}, {
  "first_name": "Abagail",
  "last_name": "Romeril",
  "SBU": "Mandingo",
  "gender": "Female"
}, {
  "first_name": "Nickolaus",
  "last_name": "Dolley",
  "SBU": "Lessons of Darkness (Lektionen in Finsternis)",
  "gender": "Male"
}, {
  "first_name": "Ammamaria",
  "last_name": "Skipp",
  "SBU": "Gone",
  "gender": "Female"
}, {
  "first_name": "Rebecka",
  "last_name": "Davidove",
  "SBU": "Traitor",
  "gender": "Female"
}, {
  "first_name": "Natal",
  "last_name": "Asson",
  "SBU": "Death on the Staircase (Soupçons)",
  "gender": "Male"
}, {
  "first_name": "Nicky",
  "last_name": "Biddlecombe",
  "SBU": "The Little Rascals Save the Day",
  "gender": "Male"
}, {
  "first_name": "Guinna",
  "last_name": "Haffenden",
  "SBU": "Girl on the Train, The",
  "gender": "Female"
}, {
  "first_name": "Christoper",
  "last_name": "Ratley",
  "SBU": "April's Shower",
  "gender": "Male"
}, {
  "first_name": "Weidar",
  "last_name": "Aireton",
  "SBU": "Poor White Trash",
  "gender": "Male"
}, {
  "first_name": "Willem",
  "last_name": "Koeppke",
  "SBU": "Rear Window",
  "gender": "Male"
}, {
  "first_name": "Mitchel",
  "last_name": "Brownlow",
  "SBU": "Big Bad Love",
  "gender": "Male"
}, {
  "first_name": "Jodi",
  "last_name": "Born",
  "SBU": "Children of Glory (Szabadság, szerelem)",
  "gender": "Female"
}, {
  "first_name": "Erwin",
  "last_name": "Walkden",
  "SBU": "Message in a Bottle",
  "gender": "Male"
}, {
  "first_name": "Riane",
  "last_name": "Aughton",
  "SBU": "Montana",
  "gender": "Female"
}, {
  "first_name": "Osmund",
  "last_name": "Pitman",
  "SBU": "Tom Segura: Completely Normal",
  "gender": "Male"
}, {
  "first_name": "Dareen",
  "last_name": "Longdon",
  "SBU": "I Confess",
  "gender": "Female"
}, {
  "first_name": "Holt",
  "last_name": "Saundercock",
  "SBU": "The Tattooist",
  "gender": "Male"
}, {
  "first_name": "Monica",
  "last_name": "Ringsell",
  "SBU": "Five People You Meet in Heaven, The",
  "gender": "Female"
}, {
  "first_name": "Kennan",
  "last_name": "Hodjetts",
  "SBU": "On the Ropes",
  "gender": "Male"
}, {
  "first_name": "Franky",
  "last_name": "Charlewood",
  "SBU": "Without Bias (a.k.a. Len Bias)",
  "gender": "Female"
}, {
  "first_name": "Janelle",
  "last_name": "Episcopio",
  "SBU": "Stanley and Livingstone",
  "gender": "Female"
}, {
  "first_name": "Haily",
  "last_name": "Londsdale",
  "SBU": "Il cappotto di legno",
  "gender": "Male"
}, {
  "first_name": "Georgie",
  "last_name": "Glentz",
  "SBU": "Winter in Wartime",
  "gender": "Female"
}, {
  "first_name": "Loralie",
  "last_name": "Durtnell",
  "SBU": "Riley Rewind",
  "gender": "Female"
}, {
  "first_name": "Lorilee",
  "last_name": "Ogilvy",
  "SBU": "Into the Storm",
  "gender": "Female"
}, {
  "first_name": "Annadiane",
  "last_name": "Powner",
  "SBU": "American Strays",
  "gender": "Female"
}, {
  "first_name": "Sanford",
  "last_name": "McCurdy",
  "SBU": "Beneath",
  "gender": "Male"
}, {
  "first_name": "Lisha",
  "last_name": "Bartels",
  "SBU": "Landscape with a Woman (Zena s krajolikom)",
  "gender": "Female"
}, {
  "first_name": "Anny",
  "last_name": "Yarranton",
  "SBU": "No Retreat, No Surrender",
  "gender": "Female"
}, {
  "first_name": "Gonzales",
  "last_name": "Jennemann",
  "SBU": "Invisible War, The",
  "gender": "Male"
}, {
  "first_name": "Stormie",
  "last_name": "Dannohl",
  "SBU": "White Reindeer, The (Valkoinen peura)",
  "gender": "Female"
}, {
  "first_name": "Wilhelmina",
  "last_name": "Tomanek",
  "SBU": "Tour De Force (Hin und weg)",
  "gender": "Female"
}, {
  "first_name": "Joey",
  "last_name": "Gaffon",
  "SBU": "Within Limits (Liikkumavara)",
  "gender": "Male"
}, {
  "first_name": "Shadow",
  "last_name": "Masurel",
  "SBU": "Squanto: A Warrior's Tale",
  "gender": "Male"
}, {
  "first_name": "Ramsay",
  "last_name": "Seaborne",
  "SBU": "Indictment: The McMartin Trial",
  "gender": "Male"
}, {
  "first_name": "Josefa",
  "last_name": "Tocknell",
  "SBU": "Yossi & Jagger",
  "gender": "Female"
}, {
  "first_name": "Elizabet",
  "last_name": "Menaul",
  "SBU": "Live Free or Die Hard",
  "gender": "Female"
}, {
  "first_name": "Garth",
  "last_name": "Doberer",
  "SBU": "G.I. Joe: The Movie",
  "gender": "Male"
}, {
  "first_name": "Godfree",
  "last_name": "Shaw",
  "SBU": "Neighbouring Sounds (O som ao redor)",
  "gender": "Male"
}, {
  "first_name": "Jada",
  "last_name": "Kibbe",
  "SBU": "Iron Will",
  "gender": "Female"
}, {
  "first_name": "Berkley",
  "last_name": "Purcer",
  "SBU": "Catwalk",
  "gender": "Male"
}, {
  "first_name": "Berenice",
  "last_name": "Waryk",
  "SBU": "Rise",
  "gender": "Female"
}, {
  "first_name": "Freeman",
  "last_name": "Lethibridge",
  "SBU": "Shock to the System, A",
  "gender": "Male"
}, {
  "first_name": "Samuel",
  "last_name": "Perfitt",
  "SBU": "Hook",
  "gender": "Male"
}, {
  "first_name": "Sloane",
  "last_name": "Leadbetter",
  "SBU": "Tevye",
  "gender": "Male"
}, {
  "first_name": "Nicholas",
  "last_name": "Masdin",
  "SBU": "Whore",
  "gender": "Male"
}, {
  "first_name": "Patrizia",
  "last_name": "Braham",
  "SBU": "Fire and Ice",
  "gender": "Female"
}, {
  "first_name": "Fiona",
  "last_name": "Clinton",
  "SBU": "Robot",
  "gender": "Female"
}, {
  "first_name": "Val",
  "last_name": "Kelle",
  "SBU": "War of the Worlds",
  "gender": "Female"
}, {
  "first_name": "Riva",
  "last_name": "Gerbl",
  "SBU": "Yellow Sky",
  "gender": "Female"
}, {
  "first_name": "Florri",
  "last_name": "Gillbard",
  "SBU": "Kahlekuningas",
  "gender": "Female"
}, {
  "first_name": "Andy",
  "last_name": "Crathorne",
  "SBU": "Hail Mary ('Je vous salue, Marie')",
  "gender": "Male"
}, {
  "first_name": "Andrej",
  "last_name": "Swyer",
  "SBU": "To Sleep with Anger",
  "gender": "Male"
}, {
  "first_name": "Ruthe",
  "last_name": "Coyle",
  "SBU": "Moonlight and Cactus",
  "gender": "Female"
}]


// [
//     {
//         "name": "Ethel Price",
//         "gender": "female",
//         "company": "My company name is very long and funny because funny is fun",
//         "age": 22
//     },
//     {
//         "name": "Claudine Neal",
//         "gender": "female",
//         "company": "Sealoud",
//         "age": 55
//     },
//     {
//         "name": "Beryl Rice",
//         "gender": "female",
//         "company": "Velity",
//         "age": 67
//     },
//     {
//         "name": "Wilder Gonzales",
//         "gender": "male",
//         "company": "Geekko"
//     },
//     {
//         "name": "Georgina Schultz",
//         "gender": "female",
//         "company": "Suretech"
//     },
//     {
//         "name": "Carroll Buchanan",
//         "gender": "male",
//         "company": "Ecosys"
//     },
//     {
//         "name": "Valarie Atkinson",
//         "gender": "female",
//         "company": "Hopeli"
//     },
//     {
//         "name": "Schroeder Mathews",
//         "gender": "male",
//         "company": "Polarium"
//     },
//     {
//         "name": "Lynda Mendoza",
//         "gender": "female",
//         "company": "Dogspa"
//     },
//     {
//         "name": "Sarah Massey",
//         "gender": "female",
//         "company": "Bisba"
//     },
//     {
//         "name": "Robles Boyle",
//         "gender": "male",
//         "company": "Comtract"
//     },
//     {
//         "name": "Evans Hickman",
//         "gender": "male",
//         "company": "Parleynet"
//     },
//     {
//         "name": "Dawson Barber",
//         "gender": "male",
//         "company": "Dymi"
//     },
//     {
//         "name": "Bruce Strong",
//         "gender": "male",
//         "company": "Xyqag"
//     },
//     {
//         "name": "Nellie Whitfield",
//         "gender": "female",
//         "company": "Exospace"
//     },
//     {
//         "name": "Jackson Macias",
//         "gender": "male",
//         "company": "Aquamate"
//     },
//     {
//         "name": "Pena Pena",
//         "gender": "male",
//         "company": "Quarx"
//     },
//     {
//         "name": "Lelia Gates",
//         "gender": "female",
//         "company": "Proxsoft"
//     },
//     {
//         "name": "Letitia Vasquez",
//         "gender": "female",
//         "company": "Slumberia"
//     },
//     {
//         "name": "Trevino Moreno",
//         "gender": "male",
//         "company": "Conjurica"
//     },
//     {
//         "name": "Barr Page",
//         "gender": "male",
//         "company": "Apex"
//     },
//     {
//         "name": "Kirkland Merrill",
//         "gender": "male",
//         "company": "Utara"
//     },
//     {
//         "name": "Blanche Conley",
//         "gender": "female",
//         "company": "Imkan"
//     },
//     {
//         "name": "Atkins Dunlap",
//         "gender": "male",
//         "company": "Comveyor"
//     },
//     {
//         "name": "Everett Foreman",
//         "gender": "male",
//         "company": "Maineland"
//     },
//     {
//         "name": "Gould Randolph",
//         "gender": "male",
//         "company": "Intergeek"
//     },
//     {
//         "name": "Kelli Leon",
//         "gender": "female",
//         "company": "Verbus"
//     },
//     {
//         "name": "Freda Mason",
//         "gender": "female",
//         "company": "Accidency"
//     },
//     {
//         "name": "Tucker Maxwell",
//         "gender": "male",
//         "company": "Lumbrex"
//     },
//     {
//         "name": "Yvonne Parsons",
//         "gender": "female",
//         "company": "Zolar"
//     },
//     {
//         "name": "Woods Key",
//         "gender": "male",
//         "company": "Bedder"
//     },
//     {
//         "name": "Stephens Reilly",
//         "gender": "male",
//         "company": "Acusage"
//     },
//     {
//         "name": "Mcfarland Sparks",
//         "gender": "male",
//         "company": "Comvey"
//     },
//     {
//         "name": "Jocelyn Sawyer",
//         "gender": "female",
//         "company": "Fortean"
//     },
//     {
//         "name": "Renee Barr",
//         "gender": "female",
//         "company": "Kiggle"
//     },
//     {
//         "name": "Gaines Beck",
//         "gender": "male",
//         "company": "Sequitur"
//     },
//     {
//         "name": "Luisa Farrell",
//         "gender": "female",
//         "company": "Cinesanct"
//     },
//     {
//         "name": "Robyn Strickland",
//         "gender": "female",
//         "company": "Obones"
//     },
//     {
//         "name": "Roseann Jarvis",
//         "gender": "female",
//         "company": "Aquazure"
//     },
//     {
//         "name": "Johnston Park",
//         "gender": "male",
//         "company": "Netur"
//     },
//     {
//         "name": "Wong Craft",
//         "gender": "male",
//         "company": "Opticall"
//     },
//     {
//         "name": "Merritt Cole",
//         "gender": "male",
//         "company": "Techtrix"
//     },
//     {
//         "name": "Dale Byrd",
//         "gender": "female",
//         "company": "Kneedles"
//     },
//     {
//         "name": "Sara Delgado",
//         "gender": "female",
//         "company": "Netagy"
//     },
//     {
//         "name": "Alisha Myers",
//         "gender": "female",
//         "company": "Intradisk"
//     },
//     {
//         "name": "Felecia Smith",
//         "gender": "female",
//         "company": "Futurity"
//     },
//     {
//         "name": "Neal Harvey",
//         "gender": "male",
//         "company": "Pyramax"
//     },
//     {
//         "name": "Nola Miles",
//         "gender": "female",
//         "company": "Sonique"
//     },
//     {
//         "name": "Herring Pierce",
//         "gender": "male",
//         "company": "Geeketron"
//     },
//     {
//         "name": "Shelley Rodriquez",
//         "gender": "female",
//         "company": "Bostonic"
//     },
//     {
//         "name": "Cora Chase",
//         "gender": "female",
//         "company": "Isonus"
//     },
//     {
//         "name": "Mckay Santos",
//         "gender": "male",
//         "company": "Amtas"
//     },
//     {
//         "name": "Hilda Crane",
//         "gender": "female",
//         "company": "Jumpstack"
//     },
//     {
//         "name": "Jeanne Lindsay",
//         "gender": "female",
//         "company": "Genesynk"
//     },
//     {
//         "name": "Frye Sharpe",
//         "gender": "male",
//         "company": "Eplode"
//     },
//     {
//         "name": "Velma Fry",
//         "gender": "female",
//         "company": "Ronelon"
//     },
//     {
//         "name": "Reyna Espinoza",
//         "gender": "female",
//         "company": "Prismatic"
//     },
//     {
//         "name": "Spencer Sloan",
//         "gender": "male",
//         "company": "Comverges"
//     },
//     {
//         "name": "Graham Marsh",
//         "gender": "male",
//         "company": "Medifax"
//     },
//     {
//         "name": "Hale Boone",
//         "gender": "male",
//         "company": "Digial"
//     },
//     {
//         "name": "Wiley Hubbard",
//         "gender": "male",
//         "company": "Zensus"
//     },
//     {
//         "name": "Blackburn Drake",
//         "gender": "male",
//         "company": "Frenex"
//     },
//     {
//         "name": "Franco Hunter",
//         "gender": "male",
//         "company": "Rockabye"
//     },
//     {
//         "name": "Barnett Case",
//         "gender": "male",
//         "company": "Norali"
//     },
//     {
//         "name": "Alexander Foley",
//         "gender": "male",
//         "company": "Geekosis"
//     },
//     {
//         "name": "Lynette Stein",
//         "gender": "female",
//         "company": "Macronaut"
//     },
//     {
//         "name": "Anthony Joyner",
//         "gender": "male",
//         "company": "Senmei"
//     },
//     {
//         "name": "Garrett Brennan",
//         "gender": "male",
//         "company": "Bluegrain"
//     },
//     {
//         "name": "Betsy Horton",
//         "gender": "female",
//         "company": "Zilla"
//     },
//     {
//         "name": "Patton Small",
//         "gender": "male",
//         "company": "Genmex"
//     },
//     {
//         "name": "Lakisha Huber",
//         "gender": "female",
//         "company": "Insource"
//     },
//     {
//         "name": "Lindsay Avery",
//         "gender": "female",
//         "company": "Unq"
//     },
//     {
//         "name": "Ayers Hood",
//         "gender": "male",
//         "company": "Accuprint"
//     },
//     {
//         "name": "Torres Durham",
//         "gender": "male",
//         "company": "Uplinx"
//     },
//     {
//         "name": "Vincent Hernandez",
//         "gender": "male",
//         "company": "Talendula"
//     },
//     {
//         "name": "Baird Ryan",
//         "gender": "male",
//         "company": "Aquasseur"
//     },
//     {
//         "name": "Georgia Mercer",
//         "gender": "female",
//         "company": "Skyplex"
//     },
//     {
//         "name": "Francesca Elliott",
//         "gender": "female",
//         "company": "Nspire"
//     },
//     {
//         "name": "Lyons Peters",
//         "gender": "male",
//         "company": "Quinex"
//     },
//     {
//         "name": "Kristi Brewer",
//         "gender": "female",
//         "company": "Oronoko"
//     },
//     {
//         "name": "Tonya Bray",
//         "gender": "female",
//         "company": "Insuron"
//     },
//     {
//         "name": "Valenzuela Huff",
//         "gender": "male",
//         "company": "Applideck"
//     },
//     {
//         "name": "Tiffany Anderson",
//         "gender": "female",
//         "company": "Zanymax"
//     },
//     {
//         "name": "Jerri King",
//         "gender": "female",
//         "company": "Eventex"
//     },
//     {
//         "name": "Rocha Meadows",
//         "gender": "male",
//         "company": "Goko"
//     },
//     {
//         "name": "Marcy Green",
//         "gender": "female",
//         "company": "Pharmex"
//     },
//     {
//         "name": "Kirk Cross",
//         "gender": "male",
//         "company": "Portico"
//     },
//     {
//         "name": "Hattie Mullen",
//         "gender": "female",
//         "company": "Zilencio"
//     },
//     {
//         "name": "Deann Bridges",
//         "gender": "female",
//         "company": "Equitox"
//     },
//     {
//         "name": "Chaney Roach",
//         "gender": "male",
//         "company": "Qualitern"
//     },
//     {
//         "name": "Consuelo Dickson",
//         "gender": "female",
//         "company": "Poshome"
//     },
//     {
//         "name": "Billie Rowe",
//         "gender": "female",
//         "company": "Cemention"
//     },
//     {
//         "name": "Bean Donovan",
//         "gender": "male",
//         "company": "Mantro"
//     },
//     {
//         "name": "Lancaster Patel",
//         "gender": "male",
//         "company": "Krog"
//     },
//     {
//         "name": "Rosa Dyer",
//         "gender": "female",
//         "company": "Netility"
//     },
//     {
//         "name": "Christine Compton",
//         "gender": "female",
//         "company": "Bleeko"
//     },
//     {
//         "name": "Milagros Finch",
//         "gender": "female",
//         "company": "Handshake"
//     },
//     {
//         "name": "Ericka Alvarado",
//         "gender": "female",
//         "company": "Lyrichord"
//     },
//     {
//         "name": "Sylvia Sosa",
//         "gender": "female",
//         "company": "Circum"
//     },
//     {
//         "name": "Humphrey Curtis",
//         "gender": "male",
//         "company": "Corepan"
//     }
// ]
